component,theoretical_mean,sample_mean,difference
X1,1.0,0.9989559934754451,-0.0010440065245549413
X2,0.0,0.058507359618545945,0.058507359618545945
X3,1.0,1.0118046338370978,0.011804633837097844
X4,0.0,0.00121369634298,0.00121369634298
